type,release_year,rating,country,show_id,title,director,cast,date_added,duration,listed_in,description
Movie TV\ Show,<\ 2015.5 2015.5\ -\ 2016.5 2016.5\ -\ 2017.5 2017.5\ -\ 2018.5 2018.5\ -\ 2019.5 ≥\ 2019.5,G NC-17 NR PG PG-13 R TV-14 TV-G TV-MA TV-PG TV-Y TV-Y7 TV-Y7-FV UR,"Argentina Argentina,\ Brazil,\ France,\ Poland,\ Germany,\ Denmark Argentina,\ Chile Argentina,\ Chile,\ Peru Argentina,\ France Argentina,\ France,\ United\ States,\ Germany,\ Qatar Argentina,\ Italy Argentina,\ Spain Argentina,\ United\ States Argentina,\ United\ States,\ Mexico Argentina,\ Uruguay,\ Serbia Argentina,\ Uruguay,\ Spain,\ France Australia Australia,\ Armenia,\ Japan,\ Jordan,\ Mexico,\ Mongolia,\ New\ Zealand,\ Philippines,\ South\ Africa,\ Sweden,\ United\ States,\ Uruguay Australia,\ Canada Australia,\ France Australia,\ France,\ Ireland Australia,\ India Australia,\ Iraq Australia,\ New\ Zealand Australia,\ New\ Zealand,\ United\ States Australia,\ United\ Arab\ Emirates Australia,\ United\ Kingdom Australia,\ United\ Kingdom,\ Canada Australia,\ United\ Kingdom,\ United\ Arab\ Emirates,\ Canada Australia,\ United\ Kingdom,\ United\ States,\ New\ Zealand,\ Italy,\ France Australia,\ United\ States Austria Austria,\ Czech\ Republic Austria,\ Germany Austria,\ Iraq,\ United\ States Austria,\ United\ States Bangladesh Belarus Belgium Belgium,\ France Belgium,\ Ireland,\ Netherlands,\ Germany,\ Afghanistan Belgium,\ Netherlands Belgium,\ United\ Kingdom,\ United\ States Brazil Brazil,\ France Brazil,\ France,\ Germany Brazil,\ India,\ China,\ United\ States Brazil,\ Netherlands,\ United\ States,\ Colombia,\ Austria,\ Germany Brazil,\ United\ Kingdom Brazil,\ United\ States Bulgaria Bulgaria,\ United\ States Bulgaria,\ United\ States,\ Spain,\ Canada Cambodia Cambodia,\ United\ States Canada Canada,\ Australia Canada,\ Belgium Canada,\ Brazil Canada,\ France Canada,\ France,\ Italy,\ Morocco,\ United\ States Canada,\ France,\ United\ States Canada,\ Germany Canada,\ Germany,\ France,\ United\ States Canada,\ Germany,\ South\ Africa Canada,\ Hungary,\ United\ States Canada,\ India Canada,\ India,\ Thailand,\ United\ States,\ United\ Arab\ Emirates Canada,\ Ireland,\ United\ States Canada,\ Japan,\ Netherlands Canada,\ Japan,\ United\ States Canada,\ Luxembourg Canada,\ Mexico,\ Germany,\ South\ Africa Canada,\ Nigeria Canada,\ Norway Canada,\ South\ Africa Canada,\ South\ Korea,\ United\ States Canada,\ Spain Canada,\ Spain,\ France Canada,\ United\ Kingdom Canada,\ United\ Kingdom,\ Netherlands Canada,\ United\ Kingdom,\ United\ States Canada,\ United\ States Canada,\ United\ States,\ Cayman\ Islands Canada,\ United\ States,\ France Canada,\ United\ States,\ Germany Canada,\ United\ States,\ India,\ United\ Kingdom Canada,\ United\ States,\ Ireland Canada,\ United\ States,\ United\ Kingdom Canada,\ United\ States,\ United\ Kingdom,\ France,\ Luxembourg Chile Chile,\ Argentina Chile,\ Argentina,\ France,\ Spain,\ United\ States Chile,\ France Chile,\ Italy Chile,\ Peru Chile,\ Spain,\ Argentina,\ Germany Chile,\ United\ States,\ France China China,\ Canada,\ United\ States China,\ Germany,\ India,\ United\ States China,\ Hong\ Kong China,\ Hong\ Kong,\ United\ States China,\ India,\ Nepal China,\ Japan China,\ Morocco,\ Hong\ Kong China,\ South\ Korea,\ United\ States China,\ Spain,\ South\ Korea,\ United\ States China,\ Taiwan China,\ United\ Kingdom China,\ United\ States China,\ United\ States,\ Australia China,\ United\ States,\ United\ Kingdom Colombia Colombia,\ Mexico Colombia,\ Mexico,\ United\ States Colombia,\ Peru,\ United\ Kingdom Colombia,\ United\ States Croatia Croatia,\ Slovenia,\ Serbia,\ Montenegro Cyprus Czech\ Republic,\ France Czech\ Republic,\ Slovakia Czech\ Republic,\ United\ Kingdom,\ France Czech\ Republic,\ United\ States Denmark Denmark,\ Brazil,\ France,\ Portugal,\ Sweden Denmark,\ China Denmark,\ France,\ Belgium,\ Italy,\ Netherlands,\ United\ States,\ United\ Kingdom Denmark,\ France,\ Poland Denmark,\ France,\ United\ States,\ Sweden Denmark,\ Germany,\ Belgium,\ United\ Kingdom,\ France Denmark,\ Germany,\ Belgium,\ United\ Kingdom,\ France,\ Sweden Denmark,\ Indonesia,\ Finland,\ Norway,\ United\ Kingdom,\ Israel,\ France,\ United\ States,\ Germany,\ Netherlands Denmark,\ Singapore,\ Canada,\ United\ States Denmark,\ Spain Denmark,\ Sweden,\ Israel,\ United\ States Denmark,\ United\ Kingdom,\ South\ Africa,\ Sweden,\ Belgium Denmark,\ United\ Kingdom,\ Sweden Denmark,\ United\ States Denmark,\ Zimbabwe Egypt Egypt,\ Algeria Egypt,\ Austria,\ United\ States Egypt,\ France Finland Finland,\ France Finland,\ Germany Finland,\ Germany,\ Belgium Finland,\ Sweden,\ Norway,\ Latvia,\ Germany Finland,\ United\ States France France,\ Algeria France,\ Australia,\ Germany France,\ Belgium France,\ Belgium,\ China,\ United\ States France,\ Belgium,\ Italy France,\ Belgium,\ Luxembourg,\ Cambodia, France,\ Belgium,\ Luxembourg,\ Romania,\ Canada,\ United\ States France,\ Belgium,\ Spain France,\ Belgium,\ United\ States France,\ Brazil,\ Spain,\ Belgium France,\ Canada France,\ Canada,\ Belgium France,\ Canada,\ China,\ Cambodia France,\ Canada,\ Italy,\ United\ States,\ China France,\ Canada,\ United\ States France,\ China,\ Japan,\ United\ States France,\ Egypt France,\ Germany France,\ Germany,\ Czech\ Republic,\ Belgium France,\ Germany,\ Switzerland France,\ Iran,\ United\ States France,\ Japan France,\ Japan,\ United\ States France,\ Lebanon France,\ Lebanon,\ United\ Kingdom France,\ Luxembourg,\ Canada France,\ Luxembourg,\ United\ States France,\ Malta,\ United\ States France,\ Morocco France,\ Netherlands,\ Singapore France,\ Netherlands,\ South\ Africa,\ Finland France,\ New\ Zealand France,\ Norway,\ Lebanon,\ Belgium France,\ Qatar France,\ Senegal,\ Belgium France,\ South\ Korea,\ Japan France,\ Switzerland,\ Spain,\ United\ States,\ United\ Arab\ Emirates France,\ United\ Kingdom France,\ United\ Kingdom,\ India France,\ United\ Kingdom,\ United\ States France,\ United\ States France,\ United\ States,\ Canada France,\ United\ States,\ Mexico Georgia Georgia,\ Germany,\ France Germany Germany,\ Australia Germany,\ Australia,\ France,\ China Germany,\ Belgium Germany,\ Canada,\ United\ States Germany,\ China,\ United\ Kingdom Germany,\ Czech\ Republic Germany,\ France,\ Luxembourg,\ United\ Kingdom,\ United\ States Germany,\ France,\ Russia Germany,\ France,\ United\ States,\ Canada,\ United\ Kingdom Germany,\ Italy Germany,\ Jordan,\ Netherlands Germany,\ Sri\ Lanka Germany,\ United\ Kingdom Germany,\ United\ Kingdom,\ United\ States Germany,\ United\ States Germany,\ United\ States,\ Canada Germany,\ United\ States,\ France Germany,\ United\ States,\ Hong\ Kong,\ Singapore Germany,\ United\ States,\ Italy Germany,\ United\ States,\ Sweden Germany,\ United\ States,\ United\ Kingdom,\ Canada Ghana Ghana,\ United\ States Greece,\ United\ States Guatemala Hong\ Kong Hong\ Kong,\ China Hong\ Kong,\ China,\ Singapore Hong\ Kong,\ China,\ United\ States Hong\ Kong,\ Iceland,\ United\ States Hong\ Kong,\ Taiwan Hong\ Kong,\ United\ States Hungary Iceland Iceland,\ Sweden,\ Belgium India India,\ Australia India,\ Canada India,\ France India,\ Germany India,\ Germany,\ Austria India,\ Germany,\ France India,\ Iran India,\ Japan India,\ Malaysia India,\ Mexico India,\ Nepal India,\ Pakistan India,\ Soviet\ Union India,\ Switzerland India,\ Turkey India,\ United\ Kingdom India,\ United\ Kingdom,\ Canada,\ United\ States India,\ United\ Kingdom,\ China,\ Canada,\ Japan,\ South\ Korea,\ United\ States India,\ United\ States Indonesia Indonesia,\ Netherlands Indonesia,\ Singapore Indonesia,\ South\ Korea,\ Singapore Indonesia,\ United\ Kingdom Indonesia,\ United\ States Iran,\ France Ireland Ireland,\ Canada Ireland,\ Canada,\ Luxembourg,\ United\ States,\ United\ Kingdom,\ Philippines,\ India Ireland,\ Canada,\ United\ Kingdom,\ United\ States Ireland,\ Canada,\ United\ States,\ United\ Kingdom Ireland,\ France,\ Iceland,\ United\ States,\ Mexico,\ Belgium,\ United\ Kingdom,\ Hong\ Kong Ireland,\ Luxembourg,\ Belgium Ireland,\ South\ Africa Ireland,\ United\ Kingdom Ireland,\ United\ Kingdom,\ Greece,\ France,\ Netherlands Ireland,\ United\ Kingdom,\ Italy,\ United\ States Ireland,\ United\ Kingdom,\ United\ States Ireland,\ United\ States Ireland,\ United\ States,\ France Israel Israel,\ Germany Israel,\ Germany,\ France Israel,\ Germany,\ Poland,\ Luxembourg,\ Belgium,\ France,\ United\ States Israel,\ Sweden,\ Germany,\ Netherlands Israel,\ United\ States Italy Italy,\ Belgium Italy,\ Canada,\ France Italy,\ France Italy,\ France,\ Switzerland Italy,\ Germany Italy,\ India Italy,\ South\ Africa,\ West\ Germany,\ Australia,\ United\ States Italy,\ Switzerland,\ Albania,\ Poland Italy,\ Switzerland,\ France,\ Germany Italy,\ Turkey Italy,\ United\ Kingdom,\ France Italy,\ United\ States Italy,\ United\ States,\ Argentina Jamaica,\ United\ States Japan Japan,\ Canada Japan,\ Canada,\ United\ States Japan,\ United\ States Jordan Kenya Kenya,\ United\ States Kuwait Lebanon Lebanon,\ Canada,\ France Lebanon,\ France Lebanon,\ Qatar Lebanon,\ United\ Arab\ Emirates,\ France,\ Switzerland,\ Germany Lebanon,\ United\ States,\ United\ Arab\ Emirates Malaysia Malaysia,\ Singapore,\ Hong\ Kong Mauritius,\ South\ Africa Mexico Mexico,\ Argentina Mexico,\ Finland Mexico,\ France Mexico,\ Netherlands Mexico,\ Spain Mexico,\ United\ States Mexico,\ United\ States,\ Spain,\ Colombia Namibia Netherlands Netherlands,\ Belgium Netherlands,\ Belgium,\ Germany,\ Jordan Netherlands,\ Belgium,\ United\ Kingdom,\ United\ States Netherlands,\ Denmark,\ France,\ Germany Netherlands,\ Denmark,\ South\ Africa Netherlands,\ Germany,\ Denmark,\ United\ Kingdom Netherlands,\ Germany,\ Italy,\ Canada Netherlands,\ United\ States New\ Zealand New\ Zealand,\ United\ Kingdom New\ Zealand,\ United\ Kingdom,\ Australia New\ Zealand,\ United\ States Nigeria Nigeria,\ United\ Kingdom Norway Norway,\ Denmark Norway,\ Denmark,\ Netherlands,\ Sweden Norway,\ Denmark,\ Sweden Norway,\ Germany Norway,\ Germany,\ Sweden Norway,\ Iceland,\ United\ States Norway,\ Sweden Norway,\ United\ Kingdom,\ France,\ Ireland Norway,\ United\ States Pakistan Pakistan,\ Norway,\ United\ States Pakistan,\ United\ Arab\ Emirates Pakistan,\ United\ States Paraguay,\ Argentina Peru Peru,\ Germany,\ Norway Peru,\ United\ States,\ United\ Kingdom Philippines Philippines,\ Canada,\ United\ Kingdom,\ United\ States Philippines,\ Qatar Philippines,\ Singapore Philippines,\ United\ States Poland Poland, Poland,\ United\ States Poland,\ West\ Germany Portugal,\ France,\ Poland,\ United\ States Portugal,\ Spain Puerto\ Rico,\ United\ States,\ Colombia Romania Romania,\ Bulgaria,\ Hungary Romania,\ France,\ Switzerland,\ Germany Romania,\ United\ Kingdom Romania,\ United\ States Russia Russia,\ Poland,\ Serbia Russia,\ Spain Russia,\ United\ States Russia,\ United\ States,\ China Saudi\ Arabia Saudi\ Arabia,\ Netherlands,\ Germany,\ Jordan,\ United\ Arab\ Emirates,\ United\ States Saudi\ Arabia,\ Syria,\ Egypt,\ Lebanon,\ Kuwait Saudi\ Arabia,\ United\ Arab\ Emirates Senegal Serbia,\ South\ Korea,\ Slovenia Serbia,\ United\ States Singapore Singapore,\ France Singapore,\ Japan,\ France Singapore,\ Malaysia Singapore,\ United\ States Slovenia,\ Croatia,\ Germany,\ Czech\ Republic,\ Qatar Somalia,\ Kenya,\ Sudan,\ South\ Africa,\ United\ States South\ Africa South\ Africa,\ Angola South\ Africa,\ China,\ United\ States South\ Africa,\ Germany,\ Netherlands,\ France South\ Africa,\ Nigeria South\ Africa,\ United\ States South\ Africa,\ United\ States,\ Germany South\ Africa,\ United\ States,\ New\ Zealand,\ Canada South\ Korea South\ Korea,\ Canada,\ United\ States,\ China South\ Korea,\ China South\ Korea,\ China,\ United\ States South\ Korea,\ Czech\ Republic South\ Korea,\ France South\ Korea,\ Japan South\ Korea,\ United\ States Soviet\ Union,\ India Spain Spain,\ Argentina Spain,\ Belgium Spain,\ Belgium,\ Switzerland,\ United\ States,\ China,\ United\ Kingdom Spain,\ Canada,\ United\ States Spain,\ Colombia Spain,\ Cuba Spain,\ France Spain,\ France,\ Canada Spain,\ France,\ Canada,\ United\ States Spain,\ France,\ Italy Spain,\ France,\ United\ States Spain,\ France,\ Uruguay Spain,\ Germany Spain,\ Germany,\ Denmark,\ United\ States Spain,\ Italy Spain,\ Italy,\ Argentina Spain,\ Mexico Spain,\ Mexico,\ France Spain,\ Portugal Spain,\ Switzerland Spain,\ Thailand,\ United\ States Spain,\ United\ Kingdom Spain,\ United\ Kingdom,\ United\ States Spain,\ United\ States Sweden Sweden,\ Czech\ Republic,\ United\ Kingdom,\ Denmark,\ Netherlands Sweden,\ Netherlands Sweden,\ United\ Kingdom,\ Finland Sweden,\ United\ States Switzerland Switzerland,\ France Switzerland,\ France,\ Belgium,\ United\ States Switzerland,\ United\ Kingdom,\ United\ States Switzerland,\ United\ States Switzerland,\ Vatican\ City,\ Italy,\ Germany,\ France Taiwan Taiwan,\ China Taiwan,\ China,\ France,\ United\ States Taiwan,\ Hong\ Kong,\ United\ States,\ China Taiwan,\ Malaysia Thailand Thailand,\ Canada,\ United\ States Thailand,\ China,\ United\ States Thailand,\ United\ States Turkey Turkey,\ Azerbaijan Turkey,\ France,\ Germany,\ Poland Turkey,\ India Turkey,\ South\ Korea Turkey,\ United\ States Ukraine United\ Arab\ Emirates United\ Arab\ Emirates,\ Jordan United\ Arab\ Emirates,\ Jordan,\ Lebanon United\ Arab\ Emirates,\ Romania United\ Arab\ Emirates,\ United\ Kingdom,\ India United\ Arab\ Emirates,\ United\ States United\ Arab\ Emirates,\ United\ States,\ United\ Kingdom United\ Kingdom United\ Kingdom, United\ Kingdom,\ Australia United\ Kingdom,\ Australia,\ Canada,\ United\ States United\ Kingdom,\ Belgium United\ Kingdom,\ Belgium,\ Sweden United\ Kingdom,\ Brazil,\ Germany United\ Kingdom,\ Canada United\ Kingdom,\ Canada,\ France,\ United\ States United\ Kingdom,\ Canada,\ Italy United\ Kingdom,\ Canada,\ Japan United\ Kingdom,\ Canada,\ United\ States United\ Kingdom,\ Canada,\ United\ States,\ Cayman\ Islands United\ Kingdom,\ Canada,\ United\ States,\ Germany United\ Kingdom,\ China United\ Kingdom,\ China,\ United\ States United\ Kingdom,\ China,\ United\ States,\ India United\ Kingdom,\ Czech\ Republic,\ Germany,\ United\ States United\ Kingdom,\ Czech\ Republic,\ United\ States,\ Germany,\ Bahamas United\ Kingdom,\ Denmark,\ Canada,\ Croatia United\ Kingdom,\ Egypt,\ United\ States United\ Kingdom,\ Finland,\ Germany United\ Kingdom,\ France United\ Kingdom,\ France,\ Belgium United\ Kingdom,\ France,\ Belgium,\ Canada,\ United\ States United\ Kingdom,\ France,\ Belgium,\ United\ States United\ Kingdom,\ France,\ Belgium,\ United\ States,\ China United\ Kingdom,\ France,\ Canada,\ Belgium,\ United\ States United\ Kingdom,\ France,\ Germany United\ Kingdom,\ France,\ Germany,\ Spain United\ Kingdom,\ France,\ Germany,\ United\ States United\ Kingdom,\ France,\ United\ States United\ Kingdom,\ France,\ United\ States,\ Belgium United\ Kingdom,\ France,\ United\ States,\ Belgium,\ Luxembourg,\ China,\ Germany United\ Kingdom,\ Germany United\ Kingdom,\ Germany,\ Canada United\ Kingdom,\ Germany,\ Canada,\ United\ States United\ Kingdom,\ Germany,\ France,\ United\ States United\ Kingdom,\ Germany,\ United\ Arab\ Emirates,\ New\ Zealand United\ Kingdom,\ Germany,\ United\ States United\ Kingdom,\ Germany,\ United\ States,\ France United\ Kingdom,\ Hong\ Kong United\ Kingdom,\ Hungary,\ Australia United\ Kingdom,\ India United\ Kingdom,\ India,\ Sweden United\ Kingdom,\ India,\ United\ States United\ Kingdom,\ Ireland United\ Kingdom,\ Ireland,\ United\ States United\ Kingdom,\ Israel,\ Russia United\ Kingdom,\ Italy United\ Kingdom,\ Italy,\ Israel,\ Peru,\ United\ States United\ Kingdom,\ Japan,\ United\ States United\ Kingdom,\ Jordan,\ Qatar,\ Iran United\ Kingdom,\ Kenya United\ Kingdom,\ Lithuania United\ Kingdom,\ Malawi United\ Kingdom,\ Namibia,\ South\ Africa,\ Zimbabwe,\ United\ States United\ Kingdom,\ New\ Zealand United\ Kingdom,\ Nigeria United\ Kingdom,\ Norway,\ Denmark,\ Germany,\ Sweden United\ Kingdom,\ Pakistan United\ Kingdom,\ Poland United\ Kingdom,\ Poland,\ United\ States United\ Kingdom,\ Russia United\ Kingdom,\ Russia,\ United\ States United\ Kingdom,\ Singapore United\ Kingdom,\ South\ Africa United\ Kingdom,\ South\ Africa,\ Australia,\ United\ States United\ Kingdom,\ South\ Korea United\ Kingdom,\ Spain United\ Kingdom,\ Spain,\ Belgium United\ Kingdom,\ Spain,\ United\ States United\ Kingdom,\ Spain,\ United\ States,\ Germany United\ Kingdom,\ Thailand United\ Kingdom,\ Ukraine,\ United\ States United\ Kingdom,\ United\ States United\ Kingdom,\ United\ States,\ Australia United\ Kingdom,\ United\ States,\ Canada United\ Kingdom,\ United\ States,\ Czech\ Republic United\ Kingdom,\ United\ States,\ Dominican\ Republic United\ Kingdom,\ United\ States,\ France United\ Kingdom,\ United\ States,\ France,\ Germany United\ Kingdom,\ United\ States,\ Germany,\ Denmark,\ Belgium,\ Japan United\ Kingdom,\ United\ States,\ Japan United\ Kingdom,\ United\ States,\ Morocco United\ Kingdom,\ United\ States,\ Spain,\ Germany,\ Greece,\ Canada United\ Kingdom,\ West\ Germany United\ States United\ States, United\ States,\ Argentina United\ States,\ Australia United\ States,\ Australia,\ China United\ States,\ Australia,\ Mexico United\ States,\ Australia,\ Samoa,\ United\ Kingdom United\ States,\ Australia,\ South\ Africa,\ United\ Kingdom United\ States,\ Belgium,\ Canada United\ States,\ Bermuda,\ Ecuador United\ States,\ Botswana United\ States,\ Brazil United\ States,\ Brazil,\ India,\ Uganda,\ China United\ States,\ Brazil,\ South\ Korea,\ Mexico,\ Japan,\ Germany United\ States,\ Bulgaria United\ States,\ Cambodia United\ States,\ Canada United\ States,\ Canada,\ Belgium,\ United\ Kingdom United\ States,\ Canada,\ China United\ States,\ Canada,\ France United\ States,\ Canada,\ Germany United\ States,\ Canada,\ Indonesia,\ United\ Kingdom,\ China,\ Singapore United\ States,\ Canada,\ Ireland United\ States,\ Canada,\ Japan,\ Panama United\ States,\ Canada,\ United\ Kingdom United\ States,\ Chile United\ States,\ Chile,\ Israel United\ States,\ China United\ States,\ China,\ Canada United\ States,\ China,\ Colombia United\ States,\ China,\ Hong\ Kong United\ States,\ Colombia United\ States,\ Colombia,\ Mexico United\ States,\ Czech\ Republic United\ States,\ Czech\ Republic,\ United\ Kingdom United\ States,\ Denmark United\ States,\ East\ Germany,\ West\ Germany United\ States,\ France United\ States,\ France,\ Canada United\ States,\ France,\ Canada,\ Belgium United\ States,\ France,\ Canada,\ Lebanon,\ Qatar United\ States,\ France,\ Canada,\ Spain United\ States,\ France,\ Italy,\ United\ Kingdom United\ States,\ France,\ Japan United\ States,\ France,\ Mexico United\ States,\ France,\ Serbia United\ States,\ France,\ South\ Korea,\ Indonesia United\ States,\ France,\ United\ Kingdom,\ Japan United\ States,\ Germany United\ States,\ Germany,\ Australia United\ States,\ Germany,\ Canada United\ States,\ Germany,\ Mexico United\ States,\ Germany,\ United\ Kingdom United\ States,\ Germany,\ United\ Kingdom,\ Australia United\ States,\ Germany,\ United\ Kingdom,\ Italy United\ States,\ Greece United\ States,\ Greece,\ Brazil United\ States,\ Greece,\ United\ Kingdom United\ States,\ Hong\ Kong United\ States,\ Hungary United\ States,\ Hungary,\ Ireland,\ Canada United\ States,\ Iceland United\ States,\ India United\ States,\ India,\ Bangladesh United\ States,\ India,\ South\ Korea,\ China United\ States,\ India,\ United\ Arab\ Emirates United\ States,\ Indonesia United\ States,\ Ireland United\ States,\ Ireland,\ United\ Kingdom,\ India United\ States,\ Israel,\ Italy,\ South\ Africa United\ States,\ Israel,\ United\ Kingdom,\ Canada United\ States,\ Italy United\ States,\ Italy,\ United\ Kingdom,\ Liechtenstein United\ States,\ Japan United\ States,\ Japan,\ Canada United\ States,\ Kazakhstan United\ States,\ Malta,\ France,\ United\ Kingdom United\ States,\ Mexico United\ States,\ Mexico,\ Colombia United\ States,\ Mexico,\ Spain,\ Malta United\ States,\ Morocco United\ States,\ Netherlands,\ Japan,\ France United\ States,\ New\ Zealand United\ States,\ New\ Zealand,\ Japan United\ States,\ New\ Zealand,\ United\ Kingdom United\ States,\ Nicaragua United\ States,\ Nigeria United\ States,\ Norway,\ Canada United\ States,\ Philippines United\ States,\ Poland United\ States,\ Russia United\ States,\ Senegal United\ States,\ South\ Africa United\ States,\ South\ Korea United\ States,\ South\ Korea,\ China United\ States,\ South\ Korea,\ Japan United\ States,\ Spain United\ States,\ Spain,\ Germany United\ States,\ Spain,\ Italy United\ States,\ Sweden United\ States,\ Sweden,\ Norway United\ States,\ Taiwan United\ States,\ Thailand United\ States,\ United\ Arab\ Emirates United\ States,\ United\ Kingdom United\ States,\ United\ Kingdom,\ Australia United\ States,\ United\ Kingdom,\ Canada United\ States,\ United\ Kingdom,\ Canada,\ China United\ States,\ United\ Kingdom,\ Canada,\ Japan United\ States,\ United\ Kingdom,\ Denmark,\ Sweden United\ States,\ United\ Kingdom,\ France United\ States,\ United\ Kingdom,\ France,\ Germany,\ Japan United\ States,\ United\ Kingdom,\ Germany United\ States,\ United\ Kingdom,\ India United\ States,\ United\ Kingdom,\ Italy United\ States,\ United\ Kingdom,\ Japan United\ States,\ United\ Kingdom,\ Morocco United\ States,\ United\ Kingdom,\ Spain,\ South\ Korea United\ States,\ Uruguay United\ States,\ Venezuela Uruguay Uruguay,\ Argentina Uruguay,\ Argentina,\ Germany,\ Spain Uruguay,\ Argentina,\ Spain Uruguay,\ Germany Uruguay,\ Guatemala Uruguay,\ Spain,\ Mexico Venezuela Venezuela,\ Colombia Vietnam West\ Germany Zimbabwe",string,string,string,string,string,string,string,string
,,,,meta,meta,meta,meta,meta,meta,meta,meta
TV Show,≥ 2019.5,TV-MA,Brazil,s1,3%,,"João Miguel, Bianca Comparato, Michel Gomes, Rodolfo Valente, Vaneza Oliveira, Rafael Lozano, Viviane Porto, Mel Fronckowiak, Sergio Mamberti, Zezé Motta, Celso Frateschi","August 14, 2020",4 Seasons,"International TV Shows, TV Dramas, TV Sci-Fi & Fantasy","In a future where the elite inhabit an island paradise far from the crowded slums, you get one chance to join the 3% saved from squalor."
Movie,2016.5 - 2017.5,TV-14,Brazil,s209,A new Capitalism,,,"June 12, 2018",76 min,"Documentaries, International Movies","Entrepreneurs worldwide explore alternatives to current capitalist structures, advocating for profitable businesses that also tackle social inequality."
TV Show,≥ 2019.5,TV-14,Brazil,s219,A Queen Is Born,Carla Barros,"Gloria Groove, Alexia Twister","November 11, 2020",1 Season,"International TV Shows, Reality TV",Gloria Groove and Alexia Twister make drag dreams come true as they help six artists find the confidence to own the stage in this makeover show.
Movie,≥ 2019.5,TV-MA,Brazil,s321,Afonso Padilha: Classless,"Junior Carelli, Rudge Campos",Afonso Padilha,"September 3, 2020",63 min,Stand-Up Comedy,Brazilian comedian Afonso Padilha dives into his humble beginnings and digs out hilarious stories about his childhood in this very personal set.
TV Show,2016.5 - 2017.5,TV-PG,Brazil,s323,Afronta! Facing It!,Juliana Vicente,"Loo Nascimento, Ingrid Silva, Rincon Sapiência, Batekoo, Gabriel Martins, Benjamin Abras, Daniele DaMata, Tasha & Tracie Okereke, Mariana de Matos, André Novais, Mahal Pita, Grace Passô, Thamyra Thâmara, Xenia França, Criola, Dani Ornellas, Anelis Assumpção, Magá Moura, Tássia Reis, Liniker, Yasmin Thayná, Raquel Virgínia, Juliana Luna, Erica Malunguinho, Diane Lima, Karol Conká","October 31, 2020",1 Season,"Docuseries, International TV Shows","This docuseries spotlights Afro-Brazilian thinkers sharing their individual journeys and discussing representation, entrepreneurship and community."
Movie,2018.5 - 2019.5,TV-MA,Brazil,s395,Alice Junior,Gil Baroni,"Anne Celestino Mota, Emmanuel Rosset, Matheus Moura, Surya Amitrano, Thaís Schier, Cida Rolim, Katia Horn, Igor Augustho, Marcel Szymanski","October 23, 2020",87 min,"Comedies, International Movies, LGBTQ Movies","In a small town, a trans teen with a vibrant personality shakes up her high school's conservative ways while trying to secure her first kiss."
Movie,2016.5 - 2017.5,TV-MA,Brazil,s422,All The Reasons To Forget,Pedro Coutinho,"Johnny Massaro, Bianca Comparato, Regina Braga, Maria Laura Nogueira, Victor Mendes, Thiago Amaral, Rafael Primot, Eduardo Mossri, Rita Batata, Larissa Ferrara","April 19, 2018",90 min,"Comedies, Dramas, International Movies",A Brazilian man tries a myriad of ways to get over his breakup with his girlfriend but is surprised to learn it's more difficult than he anticipated.
Movie,2017.5 - 2018.5,TV-MA,Brazil,s500,Ana e Vitória,Matheus Souza,"Ana Caetano, Vitória Falcão, Clarissa Müller, Bruce Gomlevsky, Thati Lopes, Caique Nogueira, Érika Mader, Victor Lamoglia, Gabriela Nunes, Bryan Ruffo, Hamilton Dias","November 2, 2018",116 min,"Comedies, International Movies, LGBTQ Movies","After meeting by chance, two young musicians with differing views on love and life record an album that drastically alters their lives."
TV Show,≥ 2019.5,TV-MA,Brazil,s532,Anitta: Made In Honório,"Andrucha Waddington, Pedro Waddington",Anitta,"December 16, 2020",1 Season,"Docuseries, International TV Shows","In this intimate documentary, Brazilian pop queen Anitta opens up about fame, family and her fierce work ethic, revealing the woman behind the hits."
Movie,2015.5 - 2016.5,TV-PG,"Brazil, Netherlands, United States, Colombia, Austria, Germany",s543,Another Forever,Juan Zapata,"Daniela Escobar, Marlon Moreno, Peter Ketnath, Barbara Scolaro","March 21, 2017",72 min,"Dramas, Independent Movies, International Movies","Overtaken by the death of her beloved, a grieving woman decides to take a spontaneous trip to visit her friend and get her life back on track."
Movie,2015.5 - 2016.5,NR,Brazil,s675,Back and Forth,José Eduardo Belmonte,"Ingrid Guimarães, Fábio Assunção, Alice Braga, Rosanne Mulholland, Caroline Abras, João Assunção","January 5, 2017",95 min,"Comedies, Dramas, International Movies","When their car breaks down en route to São Paulo, a father and son accept a ride from four beautiful telemarketers who are headed there on holiday."
TV Show,2017.5 - 2018.5,TV-MA,Brazil,s990,Blood Pact,,"Guilherme Fontes, Ravel Cabral, Jonathan Haagensen, André Ramiro, Adriano Garib, Mel Lisboa, Cristina Lago","October 10, 2018",1 Season,"Crime TV Shows, International TV Shows, TV Dramas","An ambitious TV reporter uses risky and ethically questionable methods to report on gang wars and police corruption in the Amazon port of Belém, Brazil."
TV Show,2017.5 - 2018.5,TV-MA,Brazil,s1053,Borges,,"Thati Lopes, Antonio Pedro Tabet, Karina Ramil, Rafael Portugal, Luis Lobianco","June 25, 2018",1 Season,"International TV Shows, TV Comedies","Left deeply in debt after their boss flees the country, four import company employees start producing online video content to keep themselves afloat."
Movie,< 2015.5,PG,Brazil,s1067,Boy and the World,Alê Abreu,"Vinícius Garcia, Felipe Zilse, Alê Abreu, Lu Horta, Marco Aurélio Campos, Cassius Romero, Alfredo Rollo","October 1, 2017",80 min,Children & Family Movies,"Young Cuca leaves his idyllic village on a grand adventure to find his father, who has traveled to the city seeking work."
TV Show,2018.5 - 2019.5,TV-MA,Brazil,s1116,Brotherhood,,"Naruna Costa, Seu Jorge, Hermila Guedes, Lee Taylor, Danilo Grangheia, Wesley Guimarães, Pedro Wagner","October 25, 2019",1 Season,"Crime TV Shows, International TV Shows, TV Dramas","An honest lawyer reaches a moral crossroads after the cops force her to inform on her incarcerated brother, the leader of a rising criminal faction."
Movie,< 2015.5,TV-MA,Brazil,s1127,Buddies,Marcelo Galvão,"Ariel Goldenberg, Rita Pokk, Breno Viola, Lima Duarte, Marco Luque, Daniel Torres, Monaliza Marchi, Amélia Bittencourt, Giulia de Souza Merigo, Deto Montenegro, Rui Unas","February 15, 2019",103 min,"Comedies, Dramas, Independent Movies","Inspired by the movie ""Thelma & Louise,"" three young people with Down syndrome leave the institution where they live to take a road trip together."
Movie,< 2015.5,TV-MA,Brazil,s1295,Chatô: The King of Brazil,Guilherme Fontes,"Marco Ricca, Andrea Beltrão, Letícia Sabatella, Leandra Leal, Gabriel Braga Nunes, Paulo Betti, Marcos Oliveira, Eliane Giardini","October 1, 2016",105 min,"Dramas, International Movies","The romanticized life of media mogul Assis Chateaubriand depicts him as the star of a televised trial, where his passions and achievements are judged."
Movie,< 2015.5,R,"Brazil, France, Germany",s1401,City of God,"Fernando Meirelles, Katia Lund","Alexandre Rodrigues, Leandro Firmino, Phellipe Haagensen, Douglas Silva, Jonathan Haagensen, Matheus Nachtergaele, Seu Jorge, Jefechander Suplino, Alice Braga","January 1, 2020",130 min,"Dramas, Independent Movies, International Movies","Growing up in a Rio de Janeiro slum, Rocket is able to avoid being drawn into a life of drugs and crime by having a passion for photography."
Movie,< 2015.5,TV-MA,Brazil,s1402,City of God: 10 Years Later,"Cavi Borges, Luciano Vidigal",,"May 7, 2018",69 min,"Documentaries, International Movies","A decade after the seminal Brazilian film ""City of God,"" this documentary reunites some of the cast and crew to find out what paths their lives took."
Movie,2015.5 - 2016.5,TV-MA,Brazil,s1511,Couples Counseling,Alexandre Reinecke,"Zezé Polessa, Daniel Dantas, Paulo Vilhena, Fernanda Paes Leme, Juliana Mesquita","April 1, 2017",88 min,"Comedies, Dramas, International Movies",A seasoned couples therapist comes to realize she might need help with her own marriage after meeting a new pair of young clients.
TV Show,≥ 2019.5,TV-14,Brazil,s1627,Dating Around: Brazil,Cassia Dian,,"July 10, 2020",1 Season,"International TV Shows, Reality TV, Romantic TV Shows","In this reality show, six singles meet five different blind dates at trendy urban hot spots in Brazil. Who will they choose for a second outing?"
Movie,2018.5 - 2019.5,TV-PG,Brazil,s1787,DJ Cinderella,Bruno Garotti,"Maísa Silva, Filipe Bragança, Fernanda Paes Leme, Miriam Freeland, Marcelo Valle, Elisa Pinheiro, Sérgio Malheiros, Giovanna Grigio, Bárbara Maia, Letícia Pedro, Kiria Malheiros, Leo Cidade, Matheus Costa, Isabel Fillardis, Selma Lopes","June 14, 2019",95 min,"Children & Family Movies, Comedies","Fiercely independent and disillusioned with love, a teen DJ is determined to chart her own path, till a pop heartthrob falls for her awesome mix."
Movie,≥ 2019.5,TV-G,Brazil,s1833,Double Dad,Cris D'Amato,"Maisa Silva, Eduardo Moscovis, Marcelo Médici, Laila Zaid, Pedro Ottoni, Rayana Diniz, Caio Vegatti, Fafá de Belém, Thaynara Og, Roberto Bonfim","January 15, 2021",105 min,"Children & Family Movies, Comedies, Dramas","While her mom is away, a teen sneaks out of the hippie commune where she lives and embarks on a life-changing adventure to discover who her father is."
TV Show,< 2015.5,TV-Y,Brazil,s1906,Earth to Luna!,,"Angelina Carballo, Raul-Gomez Pina, Eric Anderson","April 10, 2020",1 Season,Kids' TV,"Curious about everything and excited about science, 6-year-old Luna, her brother Jupiter and pet Clyde explore nature to learn about the world."
Movie,2016.5 - 2017.5,TV-MA,Brazil,s1926,"Edmilson Filho: Notas, Comedy about Relationships",Halder Gomes,Edmilson Filho,"November 1, 2018",80 min,Stand-Up Comedy,"Brazilian comedian Edmilson Filho walks his audience through the stages of a modern relationship, playing up the differences between men and women."
Movie,< 2015.5,TV-14,"Brazil, United States",s1972,Elena,Petra Costa,,"September 1, 2019",81 min,"Documentaries, International Movies","In this documentary, the director remembers a sister who left behind her life under Brazil’s dictatorship and moved to New York with dreams of acting."
Movie,≥ 2019.5,TV-MA,Brazil,s1990,Emicida: AmarElo - It’s All For Yesterday,,Emicida,"December 8, 2020",90 min,"Documentaries, International Movies, Music & Musicals","Between scenes from his concert in São Paulo's Theatro Municipal, rapper and activist Emicida celebrates the rich legacy of Black Brazilian culture."
Movie,2016.5 - 2017.5,TV-MA,Brazil,s2145,Felipe Neto: My Life Makes No Sense,Diego Pignataro,Felipe Neto,"March 24, 2017",91 min,Stand-Up Comedy,"YouTube sensation Felipe Neto brings the stories from his autobiographical book ""Não Faz Sentido!"" to the stage in this comedy special."
Movie,2017.5 - 2018.5,TV-Y,Brazil,s2193,Fishtronaut: The Movie,"Célia Catunda, Kiko Mistrorigo, Rodrigo Eba","Fábio Lucindo, Celso Alves, Fernanda Bullara","April 25, 2018",78 min,Children & Family Movies,"Fishtronaut, Marina and Zeek travel to the big city in search of Grandpa, only to find that everyone else has mysteriously vanished too."
Movie,2017.5 - 2018.5,TV-MA,Brazil,s2240,Forever Chape,Luis Ara,,"August 2, 2018",74 min,"Documentaries, International Movies, Sports Movies","In the wake of the plane crash that claimed the lives of 71 people, the Brazilian soccer club Chapecoense seeks to rebuild the team that made history."
Movie,2016.5 - 2017.5,TV-MA,"Brazil, France",s2330,Gabriel and the Mountain,Fellipe Barbosa,"João Pedro Zappa, Caroline Abras, Alex Alembe, Leonard Siampala, Tony B. Lesika, John Goodluck, Rashidi Athuman, Toney Montana, George Ngandu, Rhosinah Sekeleti, Luke Mpata, Lewis Gadson, Manuela Pacq","November 9, 2018",132 min,"Dramas, Independent Movies, International Movies","In a drama based on a true story, Brazilian backpacker Gabriel Buchmann spends his gap year exploring Africa. Why does he die in the Malawi mountains?"
TV Show,≥ 2019.5,TV-MA,Brazil,s2487,"Good Morning, Verônica",,"Tainá Müller, Eduardo Moscovis, Camila Morgado, Antonio Grassi, Elisa Volpatto, César Mello, Sílvio Guindane, Alice Valverde, DJ Amorim, Adriano Garib, Johnnas Oliva, Marina Provenzzano, José Rubens Chachá, Julia Ianina, Sacha Bali, Aline Borges, Cassio Pandolfi, Pally Siqueira, Juliana Lohmann","October 1, 2020",1 Season,"Crime TV Shows, International TV Shows, TV Mysteries","While hunting for a dating-site predator, an underused cop discovers a husband and wife with a horrific secret — and a web of conspiracy hiding it."
Movie,< 2015.5,TV-MA,Brazil,s3218,Jonas,Lô Politi,"Jesuíta Barbosa, Laura Neiva, Criolo, Ana Cecília Costa, João Fábio Cabral, Ariclenes Barroso, Karol Conká, Chay Suede, Luciana Souza, Chris Couto, Roberto Berindelli","February 26, 2017",97 min,"Dramas, International Movies","During Carnival, two teens from different classes meet years after being kept apart. Bad decisions lead the boy to hide with the girl inside a float."
Movie,≥ 2019.5,TV-MA,Brazil,s3248,Just Another Christmas,Roberto Santucci,"Leandro Hassum, Elisa Pinheiro, Danielle Winits, Louise Cardoso, Rodrigo Fagundes, Arianne Botelho, Miguel Rômulo, José Rubens Chachá, Levi Ferreira, Daniel Filho","December 3, 2020",101 min,"Comedies, International Movies","Stuck in a time loop where it's forever Christmas, a family man who hates the holiday starts to learn valuable lessons about what's important in life."
Movie,2018.5 - 2019.5,TV-14,Brazil,s3307,Kardec,Wagner de Assis,"Leonardo Medeiros, Sandra Corveloni, Genezio de Barros, Guilherme Piva, Leonardo Franco, Dalton Vigh, Charles Baudin, Julia Konrad","August 29, 2019",110 min,"Dramas, Faith & Spirituality, International Movies","In Catholic 19th-century France, professor Léon Rivail attends a séance and is moved to found spiritism, putting him in the authorities' sights."
TV Show,≥ 2019.5,TV-MA,Brazil,s3417,Kissing Game,,"Caio Horowicz, Iza Moreira, Michel Joelsas, Denise Fraga, Thomás Aquino, Luana Nastas, Esther Tinman, Kevin Vechiatto, Grace Passô, Bianca Byington, Bruno Garcia, Flávio Tolezani, Carolina del Carmen Peleritti","July 17, 2020",1 Season,"International TV Shows, TV Dramas, TV Mysteries","At a high school in a rural, isolated ranching community, families panic when teens contract a mysterious ""kissing disease"" that quickly spreads."
Movie,2016.5 - 2017.5,TV-MA,Brazil,s3521,Laerte-se,"Lygia Barbosa da Silva, Eliane Brum",Laerte Coutinho,"May 19, 2017",101 min,"Documentaries, International Movies, LGBTQ Movies","After living as a man for nearly 60 years, Laerte Coutinho, one of Brazil's most brilliant cartoonists, introduces herself to the world as a woman."
Movie,2018.5 - 2019.5,TV-14,Brazil,s3653,Liss Pereira: Reteniendo líquidos,Fernando Ayllón,Liss Pereira,"April 10, 2019",59 min,Stand-Up Comedy,"A pregnant Liss Pereira shares hilariously uncomfortable truths about sex, love, attraction and the lies we tell in modern relationships."
Movie,2016.5 - 2017.5,TV-MA,Brazil,s3789,Love.com,Anita Barbosa,"Isis Valverde, Gil Coelho, Joaquim Lopes, Carol Portes, Alexandra Richter, Marcos Mion, João Côrtes, César Cardadeiro","June 1, 2017",92 min,"Comedies, International Movies, Romantic Movies","When a fashion blogger falls for a video game vlogger, their romance goes viral. But separating their virtual life from reality gets complicated."
Movie,≥ 2019.5,TV-G,Brazil,s3801,Luccas Neto em: Acampamento de Férias 2,Lucas Margutti,"Luccas Neto, Giovanna Alparone, Jéssica Diehl, Vivian Duarte","May 4, 2020",81 min,"Children & Family Movies, Comedies, Music & Musicals","Luccas and his band of buddies make music and mischief at a new summer camp, where they face off with talented rivals and their tough coach."
Movie,2018.5 - 2019.5,TV-G,Brazil,s3803,Luccas Neto in: Summer Camp,Lucas Margutti,"Luccas Neto, Gi Alparone, Jéssica Diehl, Roni Fischer, Karol Alves, João Pessanha","November 5, 2019",87 min,"Children & Family Movies, Comedies, Music & Musicals",Luccas and Gi are heading to a world famous gymkhana camp. Only problem: so are their bullies... A fun musical that will get you in a vacation mood.
Movie,2018.5 - 2019.5,TV-Y,Brazil,s3804,Luccas Neto in: The End of Christmas,Lucas Margutti,"Luccas Neto, Giovanna Alparone, Cleber Salgado, Bruno Bebianno, Lucas Margutti, Vivian Duarte","March 3, 2020",71 min,"Children & Family Movies, Comedies, Music & Musicals","To save Christmas, Luccas and Gi head to the North Pole and are recruited by Santa Claus to find all the gifts that have mysteriously disappeared."
TV Show,2018.5 - 2019.5,TV-MA,Brazil,s3815,Lugar de Mulher,,,"November 28, 2019",1 Season,"International TV Shows, Stand-Up Comedy & Talk Shows, TV Comedies","Four comedians from Brazil riff on sexuality, politics, religion and motherhood – and set out to prove a woman's place is anywhere she wants it to be."
Movie,2016.5 - 2017.5,TV-MA,Brazil,s3935,Marco Luque: Tamo Junto,Caio Cobra,Marco Luque,"June 15, 2017",73 min,Stand-Up Comedy,"Eclectic character comedian Marco Luque plays himself in this stand-up special about relationships, regional differences and his own love of movies."
Movie,≥ 2019.5,TV-MA,Brazil,s3994,Maurício Meirelles: Generating Chaos,Diego Pignataro,Maurício Meirelles,"April 16, 2020",63 min,Stand-Up Comedy,"Comedian Maurício Meirelles explores his chaotic mind with scathingly funny views on family, prejudices, turtles and more in this stand-up special."
TV Show,≥ 2019.5,TV-MA,Brazil,s4234,Most Beautiful Thing,,"Maria Casadevall, Pathy Dejesus, Fernanda Vasconcellos, Mel Lisboa, Leandro Lima, Ícaro Silva, Gustavo Vaz, Alexandre Cioletti, Gustavo Machado","June 19, 2020",2 Seasons,"International TV Shows, Romantic TV Shows, TV Dramas","A 1950s housewife goes to Rio de Janeiro to meet up with her husband, only to learn he's deserted her, but decides to stay and open a bossa nova club."
TV Show,≥ 2019.5,TV-PG,Brazil,s4370,Mystery Lab,,"Felipe Castanhari, Lilian Regina, Bruno Miranda, Guilherme Briggs","August 4, 2020",1 Season,"Docuseries, International TV Shows, Science & Nature TV","Host Felipe Castanhari explores science, history, mysteries and marvels, uncovering mind-blowing facts with help from his lab buddies."
TV Show,2018.5 - 2019.5,TV-MA,Brazil,s4503,Nobody's Looking,,"Victor Lamoglia, Júlia Rabello, Kéfera Buchmann, Augusto Madeira, Danilo de Moura, Leandro Ramos, Telma Souza, Priscila Sol, Wallie Ruy, Maurício de Barros, Hermínio Ribeiro","November 22, 2019",1 Season,"International TV Shows, TV Comedies, TV Dramas","A new guardian ""angelus"" uncovers a secret behind the Angelus System's bureaucracy that leads him to break its official rules about protecting humans."
Movie,2017.5 - 2018.5,PG,Brazil,s4519,Nothing to Lose,Alexandre Avancini,"Petrônio Gontijo, Day Mesquita, Beth Goulart, Dalton Vigh, Eduardo Galvão, André Gonçalves, Marcello Airoldi","July 20, 2018",133 min,"Dramas, Faith & Spirituality, International Movies",This biographical drama traces the rise to fame of controversial Brazilian evangelical leader and business titan Edir Macedo.
Movie,2018.5 - 2019.5,PG-13,Brazil,s4520,Nothing to Lose 2,Alexandre Avancini,"Petrônio Gontijo, Day Mesquita, Beth Goulart, Dalton Vigh, Eduardo Galvão, César Mello, Leonardo Franco, Raphael Viana, Otávio Martins","December 7, 2019",97 min,"Dramas, Faith & Spirituality, International Movies","As controversy surrounds the evangelical church he helped found, Edir Macedo must juggle betrayals, politics and personal loss in this biopic sequel."
Movie,2015.5 - 2016.5,TV-MA,Brazil,s4557,O Silêncio do Céu,Marco Dutra,"Leonardo Sbaraglia, Carolina Dieckmann, Chino Darín, Alvaro Armand Ugon, Mirella Pascual, Roberto Suárez, Paula Cohen, Dylan Cortes, Priscila Bellora, Gabriela Freire, María Mendive","January 25, 2017",102 min,"Dramas, International Movies","After being raped in her home, a married woman chooses not to tell her husband, unaware that he has his own troubled secret and a plan for revenge."
Movie,2017.5 - 2018.5,TV-14,Brazil,s4603,Old Lord Savanna,André D'Elia,Leonardo Ribeiro,"January 18, 2019",96 min,"Documentaries, International Movies",This documentary captures the environmental and societal impact of Brazil's Cerrado savanna suffering from severe deforestation.
TV Show,≥ 2019.5,TV-MA,Brazil,s4612,Omniscient,,"Carla Salle, Sandra Corveloni, Jonathan Haagensen, Guilherme Prates, Luana Tanaka, Marcello Airoldi, Marco Antônio Pâmio","January 29, 2020",1 Season,"International TV Shows, TV Dramas, TV Sci-Fi & Fantasy","In a city where citizens are monitored 24/7, a tech employee must outsmart her surveillance drone in order to investigate a murder."
Movie,2016.5 - 2017.5,TV-14,"Brazil, India, China, United States",s4619,On Yoga The Architecture of Peace,Heitor Dhalia,Michael O’Neill,"January 10, 2018",92 min,"Documentaries, Faith & Spirituality","Based on photographer Michael O’Neill’s book of the same name, this documentary traces the author’s 10-year journey through the landscape of yoga."
Movie,< 2015.5,TV-MA,Brazil,s4666,Operações Especiais,Tomas Portella,"Cleo Pires, Marcos Caruso, Thiago Martins, Fabrício Boliveira, Fabiula Nascimento, Antonio Pedro Tabet, Fábio Lago, Analú Prestes, Gillray Coutinho, Augusto Madeira","February 25, 2017",99 min,"Action & Adventure, International Movies","In a crime-plagued area of Rio de Janeiro, a team of honest cops, including a determined rookie, fights corruption and mistrust on all sides."
Movie,2017.5 - 2018.5,TV-MA,Brazil,s4763,Paradise Lost,Monique Gardenberg,"Júlio Andrade, Lee Taylor, Hermila Guedes, Julia Konrad, Erasmo Carlos, Marjorie Estiano, Seu Jorge, Jaloo, Felipe Abib, Humberto Carrão, Malu Galli","September 29, 2018",111 min,"Dramas, Independent Movies, International Movies","A cop moonlights as the bodyguard for a young drag queen at a nightclub, and grows closer to the family of misfit singers that perform there."
Movie,< 2015.5,TV-MA,Brazil,s5057,Radical: the Controversial Saga of Dada Figueiredo,Raphael Erichsen,,"April 12, 2017",71 min,"Documentaries, International Movies, Sports Movies","This film chronicles the career of surfer Dadá Figueiredo, whose stormy personal life upended his status as a trendsetting '70s sports hero."
Movie,2017.5 - 2018.5,TV-MA,Brazil,s5063,Rafinha Bastos: Ultimatum,,Rafinha Bastos,"September 21, 2018",63 min,Stand-Up Comedy,"An off-color joke nearly cost him everything. Brazilian comic Rafinha Bastos talks about that and much more, from his divorce to finding love again."
TV Show,≥ 2019.5,TV-MA,Brazil,s5121,Reality Z,,"Ana Hartmann, Sabrina Sato, Luellem de Castro, Guilherme Weber, Emílio de Mello, Ravel Andrade, João Pedro Zappa, Julia Ianina, Pierre Baitelli, Jesus Luz, Carla Ribas, Wallie Ruy, Gabriel Canella, Natália Rosa, Priscila Assum, Teca Pereira, Leandro Daniel, Hanna Romanazzi, Arlinda Di Baio, Erom Cordeiro, Enzo Romani","June 10, 2020",1 Season,"International TV Shows, TV Horror, TV Mysteries","With Rio de Janeiro under a zombie attack, reality show contestants shelter in a TV studio, where they must deal with more than flesh-eating hordes."
Movie,≥ 2019.5,TV-14,Brazil,s5200,Rich in Love,Bruno Garotti,"Danilo Mesquita, Giovanna Lancellotti, Jaffar Bambirra, Lellê, Ernani Moraes, Gillray Coutinho, Jeniffer Dias, Bruna Griphao, Fernanda Paes Leme","April 30, 2020",105 min,"Comedies, International Movies, Romantic Movies","Rich kid Teto is determined to prove himself to Paula, his love interest. But when he tells her he grew up poor, the lie spins out of control."
TV Show,2018.5 - 2019.5,TV-MA,Brazil,s5363,Samantha!,,"Emmanuelle Araújo, Douglas Silva, Sabrina Nonata, Cauã Gonçalves, Daniel Furlan, Alice Braga, Alessandra Negrini, Lorena Comparato, Rodrigo Pandolfo, Luciana Vendramini, Maria Eduarda, Sidney Alexandre, Enzo Ovideo, Mauricio Xavier, Paulo Tiefenthaler, Ary França","April 19, 2019",2 Seasons,"International TV Shows, TV Comedies","A child star in the '80s, Samantha clings to the fringes of celebrity with hilarious harebrained schemes to launch herself back into the spotlight."
Movie,≥ 2019.5,TV-MA,"Brazil, France",s5569,Shine Your Eyes,Matias Mariani,"O.C. Ukeje, Indira Nascimento, Paulo André, Ike Barry, Chukwudi Iwuji","July 29, 2020",103 min,"Dramas, Independent Movies, International Movies","A Nigerian musician travels to Brazil to search for his estranged brother, who is living a life very different than the one his family thought."
TV Show,2018.5 - 2019.5,TV-MA,Brazil,s5636,Sintonia,,"Christian Malheiros, Jottapê, Bruna Mascarenhas","August 9, 2019",1 Season,"Crime TV Shows, International TV Shows, TV Dramas","Three teens living in the same São Paulo favela pursue their dreams while maintaining their friendship, amid a world of music, drugs and religion."
TV Show,≥ 2019.5,TV-MA,Brazil,s5747,Spectros,,"Danilo Mesquita, Cláudia Okuno, Mariana Sena, Enzo Barone, Drop Dashi, Miwa Yanagizawa, Carlos Takeshi, Daniel Rocha, Kelzy Ecard, Norival Rizzo, Nicolas Trevijano, Jui Huang, Jimmy Wong, Fania Espinosa, Wallie Ruy, Begê Muniz, Antonio Miano, Ricardo Iazzetta, Mayhara Ribeiro, Jairo Mattos","February 20, 2020",1 Season,"International TV Shows, TV Horror, TV Mysteries",A group of teens get caught up in a supernatural clash as vengeful spirits from centuries past rise up in the Liberdade district of São Paulo.
Movie,2015.5 - 2016.5,NR,Brazil,s5854,Stronger Than the World,Afonso Poyart,"José Loreto, Cleo Pires, Milhem Cortaz, Jackson Antunes, Claudia Ohana, Rômulo Arantes Neto, Paloma Bernardi, Thaila Ayala, Rafinha Bastos, Felipe Titto","February 11, 2017",123 min,"Action & Adventure, Dramas, International Movies","After a tough upbringing, natural-born fighter José Aldo confronts his personal demons in his quest to become an MMA champion in this sports biopic."
TV Show,2017.5 - 2018.5,TV-MA,Brazil,s5892,Super Drags,,"Fernando Mendonça, Sérgio Cantú, Wagner Follare, Pabllo Vittar, Silvetty Montilla, Rapha Vélez, Sylvia Salustti, Guilherme Briggs","November 9, 2018",1 Season,"International TV Shows, TV Comedies","In this adult animated series, three gay co-workers lead double lives as drag queen superheroes, saving the LGBTQ community from evil nemeses."
Movie,≥ 2019.5,TV-PG,Brazil,s6124,The Beginning of Life 2: Outside,Renata Terra,,"November 13, 2020",92 min,"Documentaries, International Movies","As urbanization expands throughout society, this documentary discusses the value of finding ways for children to forge real connections with nature."
TV Show,2015.5 - 2016.5,TV-PG,Brazil,s6125,The Beginning of Life: The Series,Estela Renner,,"November 11, 2016",1 Season,"Docuseries, International TV Shows, Science & Nature TV","Using breakthroughs in technology and neuroscience, this series examines how environment affects infants – and how infants can affect our future."
TV Show,2018.5 - 2019.5,TV-MA,Brazil,s6216,The Chosen One,Michel Tikhomiroff,"Paloma Bernardi, Renan Tenca, Gutto Szuster, Pedro Caetano, Mariano Mattos Martins, Alli Willow, Kiko Vianello, Francisco Gaspar, Tuna Dwek, Lourinelson Vladmir, Leonardo Ventura, Aury Porto, Glauber Amaral, Astrea Lucena","December 6, 2019",2 Seasons,"International TV Shows, TV Dramas, TV Mysteries","Determined to bring a Zika vaccine to the remote Pantanal, three doctors clash with a faith healer and are pulled deeper into the mysteries of his cult."
TV Show,≥ 2019.5,TV-MA,"Brazil, United Kingdom",s6224,The Circle Brazil,,Giovanna Ewbank,"March 11, 2020",1 Season,"International TV Shows, Reality TV","Be yourself or someone else? In this fun reality competition, online players try their best to flirt, bond and catfish their way to a R$300,000 prize."
Movie,2018.5 - 2019.5,TV-14,Brazil,s6324,The Edge of Democracy,Petra Costa,,"June 19, 2019",122 min,"Documentaries, International Movies",Political documentary and personal memoir collide in this exploration into the complex truth behind the unraveling of two Brazilian presidencies.
Movie,2018.5 - 2019.5,TV-MA,Brazil,s6355,The First Temptation of Christ,Rodrigo Van Der Put,"Gregorio Duvivier, Fábio Porchat, Antonio Tabet, Evelyn Castro, Rafael Portugal, Robson Nunes, João Vicente de Castro, Estevam Nabote, Thati Lopes, Karina Ramil, Sura Berditchevsky, Fábio de Luca","December 3, 2019",46 min,"Comedies, International Movies","Jesus, who's hitting the big 3-0, brings a surprise guest to meet the family. A Christmas special so wrong, it must be from comedians Porta dos Fundos."
Movie,2016.5 - 2017.5,TV-MA,Brazil,s6527,The Killer,Marcelo Galvão,"Diogo Morgado, Etienne Chicot, Maria de Medeiros, Deto Montenegro, Jonas Leite, Paulo Gorgulho, Will Roberts, Allan Lima, Eduardo Galvão, Igor Galvão","November 10, 2017",100 min,"Action & Adventure, International Movies","In lawless badlands, reclusive Cabeleira sets out to discover the fate of his gunman father and grows to be a feared assassin himself."
Movie,2017.5 - 2018.5,TV-MA,Brazil,s6560,The Last Hangover,Rodrigo Van Der Put,"Fábio Porchat, Gregório Duvivier, Antonio Tabet, Pedro Benevides, Paulo Vieira, Rafael Portugal, Fábio de Luca, Karina Ramil, Evelyn Castro, Pedro Monteiro, Camilo Borges, Gabriel Totoro, Victor Leal, Rafael Logan","December 21, 2018",44 min,"Comedies, International Movies","In this biblical ""Hangover"" spoof, the apostles awaken to find Jesus is missing and must piece together events of the previous night's wild Last Supper."
TV Show,2018.5 - 2019.5,TV-MA,Brazil,s6656,The Mechanism,,"Selton Mello, Caroline Abras, Enrique Diaz, Antonio Saboia, Lee Taylor, Otto Jr., Leonardo Medeiros, Osvaldo Mil, Jonathan Haagensen, Giulio Lopes, Susana Ribeiro","May 10, 2019",2 Seasons,"Crime TV Shows, International TV Shows, TV Dramas",A scandal erupts in Brazil during an investigation of alleged government corruption via oil and construction companies. Loosely inspired by true events.
Movie,≥ 2019.5,TV-MA,Brazil,s7045,Thiago Ventura: POKAS,"Fabio Ock, Joana Mazzucchelli",Thiago Ventura,"July 2, 2020",82 min,Stand-Up Comedy,"In a rollicking special, Thiago Ventura jokes about life in the hood, social issues and more, explaining how actions speak louder than words."
TV Show,2017.5 - 2018.5,TV-MA,Brazil,s7384,Vai Anitta,,Anitta,"November 16, 2018",1 Season,"Docuseries, International TV Shows, Reality TV","Go behind the scenes with Brazilian pop icon Anitta, along with her friends and family, as she aims to create a new song and music video each month."
Movie,2018.5 - 2019.5,TV-MA,Brazil,s7591,Whindersson Nunes: Adult,Diego Pignataro,Whindersson Nunes,"August 15, 2019",69 min,Stand-Up Comedy,Brazilian YouTube sensation Whindersson Nunes revisits his humble beginnings and much more in a series of playful stories and peculiar songs.
TV Show,2017.5 - 2018.5,TV-PG,Brazil,s7757,Z4,,"Apollo Costa, Gabriel Santana, Matheus Lustosa, Pedro Rezende, Werner Schünemann, Manu Gavassi, Angela Dippe, Negra Li, Patrícia de Sabrit, César Pezzuoli, Carol Loback, Marina Brandão","February 22, 2019",2 Seasons,Kids' TV,Fading music biz veteran Zé realizes he has just one more chance at redemption: He must assemble a hit boy band from a ragtag group of pop newbies.
